Workbook

Sheet XRates
A1: from (C) | to (R) | B1: usd | C1: date | D1: gbp | E1: date
A2: usd | B2: 1.0 | C2: 7/9/2024 | D2: 0.780183 | E2: 7/9/2024
A3: gbp | B3: 1.281751 | C3: 7/9/2024 | D3: 1.0 | E3: 7/9/2024
A4: usd | B4: 1.0 | C4: 12/2/2024 | D4: 0.7894 | E4: 12/2/2024

Sheet Summary
B1: (you owe) / owed to you | E1: individual "spent" | H1: individual "paid"
B2: cy | C2: gd | D2: jn | E2: cy | F2: gd | G2: jn | H2: cy | I2: gd | J2: jn
A3: london.usd | B3: -51.86 | C3: 0 | D3: 51.86 | E3: 51.86 | F3: 0 | G3: 88.12 | H3: 0 | I3: 0 | J3: 139.98
A4: london.gbp | B4: 398.64 | C4: 0 | D4: -398.64 | E4: 391.66 | F4: 0 | G4: 571.88 | H4: 790.3 | I4: 0 | J4: 173.24
A5: chetan | B5: 12.2 | C5: 0 | D5: -12.19 | E5: 287.8 | F5: 194.82 | G5: 427.82 | H5: 300 | I5: 194.82 | J5: 415.63
A7: usd
A8: london.usd | B8: =Summary!B3*XRates!B2 | C8: =Summary!C3*XRates!B2 | D8: =Summary!D3*XRates!B2 | E8: =Summary!E3*XRates!B2 | F8: =Summary!F3*XRates!B2 | G8: =Summary!G3*XRates!B2 | H8: =Summary!H3*XRates!B2 | I8: =Summary!I3*XRates!B2 | J8: =Summary!J3*XRates!B2
A9: london.gbp | B9: =Summary!B4*XRates!B3 | C9: =Summary!C4*XRates!B3 | D9: =Summary!D4*XRates!B3 | E9: =Summary!E4*XRates!B3 | F9: =Summary!F4*XRates!B3 | G9: =Summary!G4*XRates!B3 | H9: =Summary!H4*XRates!B3 | I9: =Summary!I4*XRates!B3 | J9: =Summary!J4*XRates!B3
A10: chetan | B10: =Summary!B5*XRates!B4 | C10: =Summary!C5*XRates!B4 | D10: =Summary!D5*XRates!B4 | E10: =Summary!E5*XRates!B4 | F10: =Summary!F5*XRates!B4 | G10: =Summary!G5*XRates!B4 | H10: =Summary!H5*XRates!B4 | I10: =Summary!I5*XRates!B4 | J10: =Summary!J5*XRates!B4
A11: Totals: | B11: =SUM(B8:B10) | C11: =SUM(C8:C10) | D11: =SUM(D8:D10) | E11: =SUM(E8:E10) | F11: =SUM(F8:F10)
A13: gbp
A14: london.usd | B14: =Summary!B3*XRates!D2 | C14: =Summary!C3*XRates!D2 | D14: =Summary!D3*XRates!D2 | E14: =Summary!E3*XRates!D2 | F14: =Summary!F3*XRates!D2 | G14: =Summary!G3*XRates!D2 | H14: =Summary!H3*XRates!D2 | I14: =Summary!I3*XRates!D2 | J14: =Summary!J3*XRates!D2
A15: london.gbp | B15: =Summary!B4*XRates!D3 | C15: =Summary!C4*XRates!D3 | D15: =Summary!D4*XRates!D3 | E15: =Summary!E4*XRates!D3 | F15: =Summary!F4*XRates!D3 | G15: =Summary!G4*XRates!D3 | H15: =Summary!H4*XRates!D3 | I15: =Summary!I4*XRates!D3 | J15: =Summary!J4*XRates!D3
A16: chetan | B16: =Summary!B5*XRates!D4 | C16: =Summary!C5*XRates!D4 | D16: =Summary!D5*XRates!D4 | E16: =Summary!E5*XRates!D4 | F16: =Summary!F5*XRates!D4 | G16: =Summary!G5*XRates!D4 | H16: =Summary!H5*XRates!D4 | I16: =Summary!I5*XRates!D4 | J16: =Summary!J5*XRates!D4
A17: Totals: | B17: =SUM(B14:B16) | C17: =SUM(C14:C16) | D17: =SUM(D14:D16) | E17: =SUM(E14:E16) | F17: =SUM(F14:F16)

Sheet london.xlsx..7583
I1: transaction amounts | L1: (you owe) / owed to you | O1: individual "spent" | R1: individual "paid"
A2: Item | B2: Category | C2: Vendor | D2: Description | E2: Amount | F2: From | G2: To | H2: Action | I2: cy | J2: gd | K2: jn | L2: cy | M2: gd | N2: jn | O2: cy | P2: gd | Q2: jn | R2: cy | S2: gd | T2: jn
A3: Sun Jun.16 | B3: Concerts & Events | D3: WWW.BLETCHLEYPARK.ORG GBR | E3: 59.77 | F3: jn | G3: jn, cy | H3: jn (*:self), cy (*:self), gd (*:self), london.usd (*:group) | I3: 29.89 | J3: 0 | K3: 29.89 | L3: -29.89 | M3: 0 | N3: 29.89 | O3: 29.89 | P3: 0 | Q3: 29.89 | R3: 0 | S3: 0 | T3: 59.77
A4: Mon Jun.17 | B4: Shopping | D4: AMAZON AMZN.COM BILL WA VIRTUAL ACCOUNT NUMBER | E4: 21.98 | F4: jn | G4: cy | I4: 21.98 | J4: 0 | K4: 0 | L4: -51.86 | M4: 0 | N4: 51.86 | O4: 51.86 | P4: 0 | Q4: 29.89 | R4: 0 | S4: 0 | T4: 81.75
A5: Tue 02.Jul | B5: Alcohol & Bars | D5: beers@JFK | E5: 35.93 | F5: jn | G5: jn | I5: 0 | J5: 0 | K5: 35.93 | L5: -51.86 | M5: 0 | N5: 51.86 | O5: 51.86 | P5: 0 | Q5: 65.82 | R5: 0 | S5: 0 | T5: 117.68
A6: Tue 02.Jul | B6: Public Transport | D6: MTA to JFK | E6: 4.25 | F6: jn | G6: jn | I6: 0 | J6: 0 | K6: 4.25 | L6: -51.86 | M6: 0 | N6: 51.86 | O6: 51.86 | P6: 0 | Q6: 70.07 | R6: 0 | S6: 0 | T6: 121.93
A7: Tue 02.Jul | B7: Public Transport | D7: bus + mta to JFK | E7: 6.9 | F7: jn | G7: jn | I7: 0 | J7: 0 | K7: 6.9 | L7: -51.86 | M7: 0 | N7: 51.86 | O7: 51.86 | P7: 0 | Q7: 76.97 | R7: 0 | S7: 0 | T7: 128.83
A8: Sun 07.Jul | B8: Public Transport | D8: MTA to home | E8: 4.25 | F8: jn | G8: jn | I8: 0 | J8: 0 | K8: 4.25 | L8: -51.86 | M8: 0 | N8: 51.86 | O8: 51.86 | P8: 0 | Q8: 81.22 | R8: 0 | S8: 0 | T8: 133.08
A9: Sun 07.Jul | B9: Public Transport | D9: bus + mta to home | E9: 6.9 | F9: jn | G9: jn | I9: 0 | J9: 0 | K9: 6.9 | L9: -51.86 | M9: 0 | N9: 51.86 | O9: 51.86 | P9: 0 | Q9: 88.12 | R9: 0 | S9: 0 | T9: 139.98
C11: Values
B12: Row Labels | C12: cy | D12: gd | E12: jn
B13: Concerts & Events | C13: 29.89 | D13: 0 | E13: 29.89
B14: Shopping | C14: 21.98 | D14: 0 | E14: 0
B15: Alcohol & Bars | C15: 0 | D15: 0 | E15: 35.93
B16: Public Transport | C16: 0 | D16: 0 | E16: 22.3

Sheet london.xlsx..3614
I1: transaction amounts | L1: (you owe) / owed to you | O1: individual "spent" | R1: individual "paid"
A2: Item | B2: Category | C2: Vendor | D2: Description | E2: Amount | F2: From | G2: To | H2: Action | I2: cy | J2: gd | K2: jn | L2: cy | M2: gd | N2: jn | O2: cy | P2: gd | Q2: jn | R2: cy | S2: gd | T2: jn
A3: Tue Jun.02 | B3: Concerts & Events | D3: ac/dc | E3: 360 | F3: cy | G3: jn, cy | H3: jn (*:self), cy (*:self), gd (*:self), london.gbp (*:group), (gbp:currency), (gbp:xCurrency), (1:rate) | I3: 180 | J3: 0 | K3: 180 | L3: 180 | M3: 0 | N3: -180 | O3: 180 | P3: 0 | Q3: 180 | R3: 360 | S3: 0 | T3: 0
A4: Sun Jun.30 | B4: Concerts & Events | D4: Shepardneame Brewery | E4: 55 | F4: cy | G4: jn, cy | I4: 27.5 | J4: 0 | K4: 27.5 | L4: 207.5 | M4: 0 | N4: -207.5 | O4: 207.5 | P4: 0 | Q4: 207.5 | R4: 415 | S4: 0 | T4: 0
A5: Tue 02.Jul | B5: Coffee | D5: coffee@LHR | E5: 3.75 | F5: jn | G5: jn | I5: 0 | J5: 0 | K5: 3.75 | L5: 207.5 | M5: 0 | N5: -207.5 | O5: 207.5 | P5: 0 | Q5: 211.25 | R5: 415 | S5: 0 | T5: 3.75
A6: Wed 03.Jul | B6: Alcohol & Bars | D6: beers, pre-concert | E6: 14.4 | F6: cy | G6: jn, cy | I6: 7.2 | J6: 0 | K6: 7.2 | L6: 214.7 | M6: 0 | N6: -214.7 | O6: 214.7 | P6: 0 | Q6: 218.45 | R6: 429.4 | S6: 0 | T6: 3.75
A7: Wed 03.Jul | B7: Alcohol & Bars | D7: beers, pre-concert | E7: 7.2 | F7: cy | G7: jn | I7: 0 | J7: 0 | K7: 7.2 | L7: 221.9 | M7: 0 | N7: -221.9 | O7: 214.7 | P7: 0 | Q7: 225.65 | R7: 436.6 | S7: 0 | T7: 3.75
A8: Wed 03.Jul | B8: Alcohol & Bars | D8: beers, concert | E8: 24.3 | F8: jn | G8: jn | I8: 0 | J8: 0 | K8: 24.3 | L8: 221.9 | M8: 0 | N8: -221.9 | O8: 214.7 | P8: 0 | Q8: 249.95 | R8: 436.6 | S8: 0 | T8: 28.05
A9: Wed 03.Jul | B9: Restaurants/Dining | D9: quesadilla@concert | E9: 16 | F9: cy | G9: jn, cy | I9: 8 | J9: 0 | K9: 8 | L9: 229.9 | M9: 0 | N9: -229.9 | O9: 222.7 | P9: 0 | Q9: 257.95 | R9: 452.6 | S9: 0 | T9: 28.05
A10: Wed 03.Jul | B10: Restaurants/Dining | D10: hot dogs@concert | E10: 11 | F10: cy | G10: jn, cy | I10: 5.5 | J10: 0 | K10: 5.5 | L10: 235.4 | M10: 0 | N10: -235.4 | O10: 228.2 | P10: 0 | Q10: 263.45 | R10: 463.6 | S10: 0 | T10: 28.05
A11: Wed 03.Jul | B11: Public Transport | D11: tube to convert | E11: 15 | F11: jn | G11: jn | I11: 0 | J11: 0 | K11: 15 | L11: 235.4 | M11: 0 | N11: -235.4 | O11: 228.2 | P11: 0 | Q11: 278.45 | R11: 463.6 | S11: 0 | T11: 43.05
A12: Wed 03.Jul | B12: Restaurants/Dining | D12: late dinner, post concert | E12: 14.4 | F12: cy | G12: jn, cy | I12: 7.2 | J12: 0 | K12: 7.2 | L12: 242.6 | M12: 0 | N12: -242.6 | O12: 235.4 | P12: 0 | Q12: 285.65 | R12: 478 | S12: 0 | T12: 43.05
A13: Thu 04.Jul | B13: Parking | D13: parking @ neame | E13: 5.6 | F13: cy | G13: jn, cy | I13: 2.8 | J13: 0 | K13: 2.8 | L13: 245.4 | M13: 0 | N13: -245.4 | O13: 238.2 | P13: 0 | Q13: 288.45 | R13: 483.6 | S13: 0 | T13: 43.05
A14: Thu 04.Jul | B14: Restaurants/Dining | D14: lunch @brewery | E14: 40 | F14: cy | G14: jn, cy | I14: 20 | J14: 0 | K14: 20 | L14: 265.4 | M14: 0 | N14: -265.4 | O14: 258.2 | P14: 0 | Q14: 308.45 | R14: 523.6 | S14: 0 | T14: 43.05
A15: Thu 04.Jul | B15: Alcohol & Bars | D15: drinks @dolphin | E15: 40 | F15: cy | G15: jn:66%, cy:34% | I15: 13.6 | J15: 0 | K15: 26.4 | L15: 291.8 | M15: 0 | N15: -291.8 | O15: 271.8 | P15: 0 | Q15: 334.85 | R15: 563.6 | S15: 0 | T15: 43.05
... A31: Sun 07.Jul | B31: Public Transport | D31: TfL to LHR | E31: 13.3 | F31: jn | G31: jn | I31: 0 | J31: 0 | K31: 13.3 | L31: 398.64 | M31: 0 | N31: -398.64 | O31: 391.66 | P31: 0 | Q31: 571.88 | R31: 790.3 | S31: 0 | T31: 173.24
C33: Values
B34: Row Labels | C34: cy | D34: gd | E34: jn
B35: Concerts & Events | C35: 227.5 | D35: 0 | E35: 227.5
B36: Coffee | C36: 0 | D36: 0 | E36: 3.75
B37: Alcohol & Bars | C37: 39.35 | D37: 0 | E37: 98.05
B38: Restaurants/Dining | C38: 77.55 | D38: 0 | E38: 77.55
B39: Public Transport | C39: 34 | D39: 0 | E39: 62.3
B40: Parking | C40: 2.8 | D40: 0 | E40: 2.8
B41: Gifts | C41: 0 | D41: 0 | E41: 24.07
B42: Groceries | C42: 0 | D42: 0 | E42: 65.4
B43: Ride Share | C43: 10.46 | D43: 0 | E43: 10.46

Sheet nov.xlsx.hetan.9565
I1: transaction amounts | L1: (you owe) / owed to you | O1: individual "spent" | R1: individual "paid"
A2: Item | B2: Category | C2: Vendor | D2: Description | E2: Amount | F2: From | G2: To | H2: Action | I2: cy | J2: gd | K2: jn | L2: cy | M2: gd | N2: jn | O2: cy | P2: gd | Q2: jn | R2: cy | S2: gd | T2: jn
A3: Sat 23.Nov | B3: Restaurants/Dining | D3: TODAYTIX.COM NEW YORK NY | E3: 165 | F3: jn | G3: jn | H3: jn (*:self), gd (*:self), cy (*:self), chetan (*:group) | I3: 0 | J3: 0 | K3: 165 | L3: 0 | M3: 0 | N3: 0 | O3: 0 | P3: 0 | Q3: 165 | R3: 0 | S3: 0 | T3: 165
A4: Sat 23.Nov | B4: Alcohol & Bars | D4: JERSEY CITY BUY RITE JERSEY CITY NJ | E4: 25 | F4: jn | G4: jn | I4: 0 | J4: 0 | K4: 25 | L4: 0 | M4: 0 | N4: 0 | O4: 0 | P4: 0 | Q4: 190 | R4: 0 | S4: 0 | T4: 190
A5: Tue 26.Nov | B5: Clothing | D5: BANANA REPUBLIC ONLIN GROVEPORT OH | E5: 60 | F5: jn | G5: cy | I5: 60 | J5: 0 | K5: 0 | L5: -60 | M5: 0 | N5: 60 | O5: 60 | P5: 0 | Q5: 190 | R5: 0 | S5: 0 | T5: 250
A6: Fri 29.Nov | B6: Clothing | D6: AMERICAN EAGLE NEW YORK USA | E6: 12.98 | F6: jn | G6: cy | I6: 12.98 | J6: 0 | K6: 0 | L6: -72.98 | M6: 0 | N6: 72.98 | O6: 72.98 | P6: 0 | Q6: 190 | R6: 0 | S6: 0 | T6: 262.98
A7: Fri 29.Nov | B7: Restaurants/Dining | D7: MAGGIES PLACE NEW YORK USA | E7: 79.48 | F7: jn | G7: all | I7: 26.49 | J7: 26.49 | K7: 26.49 | L7: -99.47 | M7: -26.49 | N7: 125.97 | O7: 99.47 | P7: 26.49 | Q7: 216.49 | R7: 0 | S7: 0 | T7: 342.46
A8: Fri 29.Nov | B8: Public Transport | D8: NJT BUS NEWARK USA | E8: 33.9 | F8: jn | G8: all | I8: 11.3 | J8: 11.3 | K8: 11.3 | L8: -110.77 | M8: -37.79 | N8: 148.57 | O8: 110.77 | P8: 37.79 | Q8: 227.79 | R8: 0 | S8: 0 | T8: 376.36
A9: Sat 30.Nov | B9: Restaurants/Dining | D9: ANITA GELATO GARDEN NEW YORK USA | E9: 27.76 | F9: jn | G9: all | I9: 9.25 | J9: 9.25 | K9: 9.25 | L9: -120.03 | M9: -47.05 | N9: 167.07 | O9: 120.03 | P9: 47.05 | Q9: 237.05 | R9: 0 | S9: 0 | T9: 404.12
A10: Sat 30.Nov | B10: Restaurants/Dining | D10: UEP AI KI YA NEW YORK USA | E10: 120.38 | F10: jn | G10: all | I10: 40.13 | J10: 40.13 | K10: 40.13 | L10: -160.15 | M10: -87.17 | N10: 247.33 | O10: 160.15 | P10: 87.17 | Q10: 277.17 | R10: 0 | S10: 0 | T10: 524.5
A11: Sat 30.Nov | B11: Public Transport | D11: MTA NYCT PAYGO NEW YORK USA | E11: 2.9 | F11: jn | G11: all | I11: 0.97 | J11: 0.97 | K11: 0.97 | L11: -161.12 | M11: -88.14 | N11: 249.26 | O11: 161.12 | P11: 88.14 | Q11: 278.14 | R11: 0 | S11: 0 | T11: 527.4
A12: Sat 30.Nov | B12: Public Transport | D12: MTA NYCT PAYGO NEW YORK USA | E12: 2.9 | F12: jn | G12: all | I12: 0.97 | J12: 0.97 | K12: 0.97 | L12: -162.09 | M12: -89.11 | N12: 251.19 | O12: 162.09 | P12: 89.11 | Q12: 279.11 | R12: 0 | S12: 0 | T12: 530.3
A13: Sat 30.Nov | B13: Public Transport | D13: MTA NYCT PAYGO NEW YORK USA | E13: 2.9 | F13: jn | G13: all | I13: 0.97 | J13: 0.97 | K13: 0.97 | L13: -163.05 | M13: -90.07 | N13: 253.13 | O13: 163.05 | P13: 90.07 | Q13: 280.07 | R13: 0 | S13: 0 | T13: 533.2
A14: Sat 30.Nov | B14: Public Transport | D14: MTA NYCT PAYGO NEW YORK USA | E14: 2.9 | F14: jn | G14: all | I14: 0.97 | J14: 0.97 | K14: 0.97 | L14: -164.02 | M14: -91.04 | N14: 255.06 | O14: 164.02 | P14: 91.04 | Q14: 281.04 | R14: 0 | S14: 0 | T14: 536.1
A15: 30-Nov-24 | B15: Public Transport | D15: NJT BUS 3002 NEWARK USA | E15: 8 | F15: jn | G15: all | I15: 2.67 | J15: 2.67 | K15: 2.67 | L15: -166.69 | M15: -93.71 | N15: 260.39 | O15: 166.69 | P15: 93.71 | Q15: 283.71 | R15: 0 | S15: 0 | T15: 544.1
... A24: 1-Dec-24 | B24: Restaurants/Dining | D24: 10TH AND WILLOW BAR AN HOBOKEN USA | E24: 131.95 | F24: jn | G24: all | I24: 43.98 | J24: 43.98 | K24: 43.98 | L24: -287.8 | M24: -194.82 | N24: 482.63 | O24: 287.8 | P24: 194.82 | Q24: 427.82 | R24: 0 | S24: 0 | T24: 910.45
A25: 2-Dec-24 | B25: Clearance | D25: Chetan visit | E25: 300 | F25: cy | G25: jn | H25: $ | I25: 0 | J25: 0 | K25: 0 | L25: 12.2 | M25: -194.82 | N25: 182.63 | O25: 287.8 | P25: 194.82 | Q25: 427.82 | R25: 300 | S25: 0 | T25: 610.45
A26: 2-Dec-24 | B26: Clearance | D26: Chetan visit | E26: 194.82 | F26: gd | G26: jn | H26: $ | I26: 0 | J26: 0 | K26: 0 | L26: 12.2 | M26: 0 | N26: -12.19 | O26: 287.8 | P26: 194.82 | Q26: 427.82 | R26: 300 | S26: 194.82 | T26: 415.63
C28: Values
B29: Row Labels | C29: cy | D29: gd | E29: jn
B30: Restaurants/Dining | C30: 137.41 | D30: 137.41 | E30: 302.41
B31: Alcohol & Bars | C31: 0 | D31: 0 | E31: 25
B32: Clothing | C32: 72.98 | D32: 0 | E32: 0
B33: Public Transport | C33: 20.76 | D33: 20.76 | E33: 20.76
B34: Concerts & Events | C34: 36.67 | D34: 36.67 | E34: 36.67
B35: Shopping | C35: 20 | D35: 0 | E35: 43
B36: Clearance | C36: 0 | D36: 0 | E36: 0
